MeanWeight;Distance;Age
20.0;350;30
20.818750143051147;7000;52
19.199999809265137;7000;30
10.599999904632568;16500;44
9.650000214576721;16500;44
18.899999618530273;16500;44
20.449999809265137;16500;44
