MeanWeight;Distance
20.0;350
20.818750143051147;7000
19.199999809265137;7000
10.599999904632568;16500
9.650000214576721;16500
18.899999618530273;16500
20.449999809265137;16500
