MeanWeight;Distance
20.0;350
18.899999618530273;16500
20.449999809265137;16500
