MeanWeight;Zone;TotalWeight
20.818750143051147;AS;166.55000114440918
19.199999809265137;AS;38.39999961853027
10.599999904632568;AUST;21.199999809265137
9.650000214576721;AUST;19.300000429153442
