MeanWeight;Distance
20.818750143051147;7000
19.199999809265137;7000
10.599999904632568;16500
9.650000214576721;16500
